Z,A,Composition,Fraction
92,233,4.67E-02,0.981300194
92,234,5.90E-04,0.012399860
92,235,1.43E-05,0.000300007
92,238,2.86E-04,0.005999939
