Energy,Data
2390710,0.162609
2392860,0.162724
2452840,0.165948
2500000,0.168482
2517640,0.169618
2750000,0.182641
